time stamp,people count,item_count,score_avg,score_std,score_median,score_max,score_min,min_threshold
2021-06-19T17:55:34,2,1,0.7878201603889465,0.1922391653060913,0.7878201603889465,0.9800593256950378,0.5955809950828552,0.5
2021-06-19T17:55:34,2,1,0.7369176745414734,0.15850794315338135,0.7369176745414734,0.8954256176948547,0.578409731388092,0.5
2021-06-19T17:55:34,2,1,0.7202445864677429,0.1815384030342102,0.7202445864677429,0.9017829895019531,0.5387061834335327,0.5
2021-06-19T17:55:34,3,1,0.6540700793266296,0.17818769812583923,0.5569632649421692,0.9040036797523499,0.5012432932853699,0.5
2021-06-19T17:55:35,2,1,0.7920244336128235,0.08579695224761963,0.7920244336128235,0.8778213858604431,0.7062274813652039,0.5
2021-06-19T17:55:35,2,1,0.738082766532898,0.13910481333732605,0.738082766532898,0.8771876096725464,0.5989779829978943,0.5
2021-06-19T17:55:35,2,1,0.7355012893676758,0.16053709387779236,0.7355012893676758,0.8960383534431458,0.574964165687561,0.5
2021-06-19T17:55:35,2,1,0.7654725313186646,0.10053631663322449,0.7654725313186646,0.8660088181495667,0.6649361848831177,0.5
2021-06-19T17:55:36,2,1,0.733734130859375,0.1037435308098793,0.733734130859375,0.8374776840209961,0.6299906373023987,0.5
2021-06-19T17:55:36,3,1,0.7331759333610535,0.12314850091934204,0.6839666962623596,0.9024600386619568,0.6131009459495544,0.5
2021-06-19T17:55:36,4,1,0.7065640687942505,0.13535568118095398,0.6794167160987854,0.9152626395225525,0.5521601438522339,0.5
2021-06-19T17:55:36,2,1,0.7360657453536987,0.15432414412498474,0.7360657453536987,0.8903898596763611,0.5817415714263916,0.5
2021-06-19T17:55:37,2,1,0.7337661981582642,0.2091575562953949,0.7337661981582642,0.9429237246513367,0.5246086120605469,0.5
2021-06-19T17:55:37,2,1,0.8815189599990845,0.0756269097328186,0.8815189599990845,0.9571458697319031,0.8058920502662659,0.5
2021-06-19T17:55:37,1,1,0.9313366413116455,0.0,0.9313366413116455,0.9313366413116455,0.9313366413116455,0.5
2021-06-19T17:55:37,2,1,0.7312846183776855,0.17026248574256897,0.7312846183776855,0.9015470743179321,0.5610221028327942,0.5
2021-06-19T17:55:38,1,1,0.8925849795341492,0.0,0.8925849795341492,0.8925849795341492,0.8925849795341492,0.5
2021-06-19T17:55:38,2,1,0.720768392086029,0.18260163068771362,0.720768392086029,0.9033700227737427,0.5381667613983154,0.5
2021-06-19T17:55:38,2,1,0.7338746786117554,0.16028249263763428,0.7338746786117554,0.8941571712493896,0.5735921859741211,0.5
2021-06-19T17:55:38,1,1,0.951339602470398,0.0,0.951339602470398,0.951339602470398,0.951339602470398,0.5
2021-06-19T17:55:39,3,1,0.655330240726471,0.14221109449863434,0.5924306511878967,0.8522149324417114,0.5213450193405151,0.5
2021-06-19T17:55:39,2,1,0.8281962871551514,0.03248259425163269,0.8281962871551514,0.8606789112091064,0.7957137227058411,0.5
2021-06-19T17:55:39,2,1,0.7487460374832153,0.08365508913993835,0.7487460374832153,0.8324010968208313,0.6650909185409546,0.5
2021-06-19T17:55:39,1,1,0.9274463057518005,0.0,0.9274463057518005,0.9274463057518005,0.9274463057518005,0.5
2021-06-19T17:55:41,2,1,0.7824651002883911,0.13359925150871277,0.7824651002883911,0.9160643219947815,0.648865818977356,0.5
2021-06-19T17:55:41,4,2,0.6068419814109802,0.07946576923131943,0.5772750973701477,0.7391144037246704,0.5337033867835999,0.5
2021-06-19T17:55:41,1,1,0.8549373149871826,0.0,0.8549373149871826,0.8549373149871826,0.8549373149871826,0.5
2021-06-19T17:55:41,1,1,0.9077823758125305,0.0,0.9077823758125305,0.9077823758125305,0.9077823758125305,0.5
2021-06-19T17:55:42,1,1,0.8959604501724243,0.0,0.8959604501724243,0.8959604501724243,0.8959604501724243,0.5
2021-06-19T17:55:42,2,1,0.7578443288803101,0.1606309711933136,0.7578443288803101,0.9184752702713013,0.5972133278846741,0.5
2021-06-19T17:55:42,2,1,0.7783675193786621,0.13346007466316223,0.7783675193786621,0.9118276238441467,0.6449074745178223,0.5
2021-06-19T17:55:42,2,1,0.745612382888794,0.18763965368270874,0.745612382888794,0.9332520365715027,0.5579727292060852,0.5
2021-06-19T17:55:43,2,1,0.7155077457427979,0.17566493153572083,0.7155077457427979,0.8911727070808411,0.5398428440093994,0.5
2021-06-19T17:55:43,2,1,0.7839338779449463,0.1321188509464264,0.7839338779449463,0.9160526990890503,0.6518149971961975,0.5
2021-06-19T17:55:43,2,1,0.7529743313789368,0.11213922500610352,0.7529743313789368,0.8651135563850403,0.6408351063728333,0.5
2021-06-19T17:55:43,2,1,0.7749313116073608,0.13885203003883362,0.7749313116073608,0.9137833714485168,0.6360793113708496,0.5
2021-06-19T17:55:44,3,1,0.7216343283653259,0.1544022560119629,0.7507739663124084,0.8944764733314514,0.5196525454521179,0.5
2021-06-19T17:55:44,2,1,0.7434053421020508,0.16757485270500183,0.7434053421020508,0.9109801650047302,0.5758304595947266,0.5
2021-06-19T17:55:44,3,1,0.7172672748565674,0.12351515144109726,0.7740907669067383,0.8319020867347717,0.5458090305328369,0.5
2021-06-19T17:55:44,2,1,0.7466615438461304,0.14227375388145447,0.7466615438461304,0.8889353275299072,0.6043878197669983,0.5
2021-06-19T17:55:45,3,1,0.6820734143257141,0.1638445258140564,0.6071500182151794,0.9094229936599731,0.5296472311019897,0.5
2021-06-19T17:55:45,3,1,0.6586047410964966,0.16507217288017273,0.5425655841827393,0.8920506834983826,0.5411978960037231,0.5
2021-06-19T17:55:45,2,1,0.724267303943634,0.19040381908416748,0.724267303943634,0.9146711230278015,0.5338634848594666,0.5
2021-06-19T17:55:45,3,1,0.6857878565788269,0.12379869818687439,0.6181917786598206,0.8594509959220886,0.5797207355499268,0.5
2021-06-19T17:55:46,3,1,0.7118197083473206,0.12245669215917587,0.7384228110313416,0.8467162251472473,0.5503200888633728,0.5
2021-06-19T17:55:46,3,1,0.6653392910957336,0.18450945615768433,0.5618879795074463,0.9245233535766602,0.5096065998077393,0.5
2021-06-19T17:55:46,1,1,0.9281609058380127,0.0,0.9281609058380127,0.9281609058380127,0.9281609058380127,0.5
2021-06-19T17:55:46,2,1,0.7895652055740356,0.13119164109230042,0.7895652055740356,0.9207568764686584,0.6583735942840576,0.5
2021-06-19T17:55:47,2,1,0.7330436110496521,0.2143198847770691,0.7330436110496521,0.9473634958267212,0.518723726272583,0.5
2021-06-19T17:55:47,2,1,0.8922159671783447,0.06833043694496155,0.8922159671783447,0.9605463743209839,0.8238855004310608,0.5
2021-06-19T17:55:47,2,1,0.7679670453071594,0.1458469033241272,0.7679670453071594,0.9138139486312866,0.6221201419830322,0.5
2021-06-19T17:55:47,2,1,0.7099899053573608,0.13130304217338562,0.7099899053573608,0.8412929177284241,0.5786868333816528,0.5
2021-06-19T17:55:48,2,1,0.7838376760482788,0.0999920666217804,0.7838376760482788,0.8838297724723816,0.6838456392288208,0.5
2021-06-19T17:55:48,2,1,0.8311922550201416,0.08586490154266357,0.8311922550201416,0.9170571565628052,0.745327353477478,0.5
2021-06-19T17:55:48,3,1,0.711126983165741,0.10215773433446884,0.691520094871521,0.8448899388313293,0.5969707369804382,0.5
2021-06-19T17:55:48,1,1,0.8846250176429749,0.0,0.8846250176429749,0.8846250176429749,0.8846250176429749,0.5
2021-06-19T17:55:49,1,1,0.9489419460296631,0.0,0.9489419460296631,0.9489419460296631,0.9489419460296631,0.5
2021-06-19T17:55:49,2,1,0.7234941720962524,0.22196802496910095,0.7234941720962524,0.9454622268676758,0.5015261769294739,0.5
2021-06-19T17:55:49,3,1,0.6569579243659973,0.15334555506706238,0.6027025580406189,0.8659222722053528,0.5022490620613098,0.5
2021-06-19T17:55:49,3,1,0.6694613099098206,0.14722637832164764,0.6107884645462036,0.8718050718307495,0.5257904529571533,0.5
2021-06-19T17:55:50,2,1,0.7519440650939941,0.1659890115261078,0.7519440650939941,0.9179330468177795,0.585955023765564,0.5
2021-06-19T17:55:50,2,1,0.8172750473022461,0.11298516392707825,0.8172750473022461,0.9302602410316467,0.7042899131774902,0.5
2021-06-19T17:55:50,1,1,0.8403438329696655,0.0,0.8403438329696655,0.8403438329696655,0.8403438329696655,0.5
2021-06-19T17:55:50,2,1,0.7771494388580322,0.13768768310546875,0.7771494388580322,0.914837121963501,0.6394617557525635,0.5
2021-06-19T17:55:51,2,1,0.7646319270133972,0.15009194612503052,0.7646319270133972,0.9147238731384277,0.6145399808883667,0.5
2021-06-19T17:55:51,2,1,0.7101776599884033,0.19032615423202515,0.7101776599884033,0.9005038142204285,0.5198515057563782,0.5
2021-06-19T17:55:51,1,1,0.9247669577598572,0.0,0.9247669577598572,0.9247669577598572,0.9247669577598572,0.5
2021-06-19T17:55:51,2,1,0.7916312217712402,0.15569475293159485,0.7916312217712402,0.9473259449005127,0.635936439037323,0.5
2021-06-19T17:55:52,3,1,0.7155540585517883,0.0879710242152214,0.6733291745185852,0.838013231754303,0.6353199481964111,0.5
2021-06-19T17:55:52,2,1,0.7347579002380371,0.19474437832832336,0.7347579002380371,0.9295023083686829,0.5400135517120361,0.5
2021-06-19T17:55:52,2,1,0.8130921721458435,0.07051771879196167,0.8130921721458435,0.8836098909378052,0.7425744533538818,0.5
2021-06-19T17:55:52,1,1,0.9182743430137634,0.0,0.9182743430137634,0.9182743430137634,0.9182743430137634,0.5
2021-06-19T17:55:53,2,1,0.6918975114822388,0.17701658606529236,0.6918975114822388,0.8689141273498535,0.5148809552192688,0.5
2021-06-19T17:55:53,1,1,0.9283350110054016,0.0,0.9283350110054016,0.9283350110054016,0.9283350110054016,0.5
2021-06-19T17:55:53,1,1,0.9308136701583862,0.0,0.9308136701583862,0.9308136701583862,0.9308136701583862,0.5
2021-06-19T17:55:53,1,1,0.9535843133926392,0.0,0.9535843133926392,0.9535843133926392,0.9535843133926392,0.5
2021-06-19T17:55:54,1,1,0.9139948487281799,0.0,0.9139948487281799,0.9139948487281799,0.9139948487281799,0.5
2021-06-19T17:55:54,2,1,0.722541093826294,0.20066773891448975,0.722541093826294,0.9232088327407837,0.5218733549118042,0.5
2021-06-19T17:55:54,3,1,0.7124711871147156,0.16362214088439941,0.659066379070282,0.9341588020324707,0.5441882610321045,0.5
2021-06-19T17:55:54,2,1,0.780719518661499,0.05656912922859192,0.780719518661499,0.8372886180877686,0.7241503596305847,0.5
2021-06-19T17:55:55,1,1,0.8522732853889465,0.0,0.8522732853889465,0.8522732853889465,0.8522732853889465,0.5
2021-06-19T17:55:55,1,1,0.8331830501556396,0.0,0.8331830501556396,0.8331830501556396,0.8331830501556396,0.5
2021-06-19T17:55:55,2,1,0.7150092124938965,0.13874974846839905,0.7150092124938965,0.8537589907646179,0.5762594938278198,0.5
2021-06-19T17:55:55,3,1,0.6628378033638,0.1448446810245514,0.6216760277748108,0.8571980595588684,0.5096394419670105,0.5
2021-06-19T17:55:56,3,1,0.6662967801094055,0.18408574163913727,0.57123863697052,0.9237170219421387,0.5039346814155579,0.5
2021-06-19T17:55:56,1,1,0.9254282116889954,0.0,0.9254282116889954,0.9254282116889954,0.9254282116889954,0.5
2021-06-19T17:55:56,3,1,0.7129025459289551,0.17074432969093323,0.6033374071121216,0.9540371298789978,0.5813332796096802,0.5
2021-06-19T17:55:56,2,1,0.7384482622146606,0.1592107117176056,0.7384482622146606,0.8976590037345886,0.5792375802993774,0.5
2021-06-19T17:55:57,2,1,0.7955901026725769,0.0868830680847168,0.7955901026725769,0.8824731707572937,0.7087070345878601,0.5
2021-06-19T17:55:57,2,1,0.7317772507667542,0.15608078241348267,0.7317772507667542,0.8878580331802368,0.5756964683532715,0.5
2021-06-19T17:55:57,1,1,0.9269185066223145,0.0,0.9269185066223145,0.9269185066223145,0.9269185066223145,0.5
2021-06-19T17:55:57,2,1,0.7640146017074585,0.1204497218132019,0.7640146017074585,0.8844643235206604,0.6435648798942566,0.5
2021-06-19T17:55:58,2,1,0.7504491806030273,0.1753779947757721,0.7504491806030273,0.925827145576477,0.5750711560249329,0.5
2021-06-19T17:55:58,2,1,0.7889408469200134,0.13597333431243896,0.7889408469200134,0.9249141812324524,0.6529675126075745,0.5
2021-06-19T17:55:58,2,1,0.7271307706832886,0.135807603597641,0.7271307706832886,0.8629383444786072,0.5913231372833252,0.5
2021-06-19T17:55:58,2,1,0.7796320915222168,0.17288056015968323,0.7796320915222168,0.9525126218795776,0.6067515015602112,0.5
2021-06-19T17:55:59,2,1,0.7633853554725647,0.19725221395492554,0.7633853554725647,0.9606375694274902,0.5661331415176392,0.5
2021-06-19T17:55:59,2,1,0.7308825850486755,0.17097938060760498,0.7308825850486755,0.9018619656562805,0.5599032044410706,0.5
2021-06-19T17:55:59,2,1,0.789440393447876,0.12290391325950623,0.789440393447876,0.9123442769050598,0.6665364503860474,0.5
2021-06-19T17:55:59,2,1,0.8096826076507568,0.10298195481300354,0.8096826076507568,0.9126645922660828,0.7067006826400757,0.5
2021-06-19T17:56:00,3,1,0.6697338223457336,0.166658416390419,0.5661618113517761,0.9048696756362915,0.5381699800491333,0.5
2021-06-19T17:56:00,2,1,0.7188147306442261,0.21454623341560364,0.7188147306442261,0.9333609938621521,0.5042685270309448,0.5
2021-06-19T17:56:00,2,1,0.7409831285476685,0.19809472560882568,0.7409831285476685,0.9390778541564941,0.5428884029388428,0.5
2021-06-19T17:56:00,2,1,0.8245596885681152,0.0819680392742157,0.8245596885681152,0.9065277576446533,0.7425916790962219,0.5
2021-06-19T17:56:01,2,1,0.7374130487442017,0.176023930311203,0.7374130487442017,0.913437008857727,0.561389148235321,0.5
2021-06-19T17:56:01,3,1,0.733468770980835,0.16190937161445618,0.7081155776977539,0.9432237148284912,0.5490670204162598,0.5
2021-06-19T17:56:01,2,1,0.857155442237854,0.08119142055511475,0.857155442237854,0.9383468627929688,0.7759640216827393,0.5
2021-06-19T17:56:01,2,1,0.7704575657844543,0.09551119804382324,0.7704575657844543,0.8659687638282776,0.6749463677406311,0.5
2021-06-19T17:56:02,2,1,0.759509801864624,0.1800101399421692,0.759509801864624,0.9395199418067932,0.5794996619224548,0.5
2021-06-19T17:56:02,1,1,0.8989406228065491,0.0,0.8989406228065491,0.8989406228065491,0.8989406228065491,0.5
2021-06-19T17:56:02,3,1,0.6818516850471497,0.1778460294008255,0.598538875579834,0.9290270805358887,0.5179891586303711,0.5
2021-06-19T17:56:02,2,1,0.7705765962600708,0.11524713039398193,0.7705765962600708,0.8858237266540527,0.6553294658660889,0.5
2021-06-19T17:56:03,3,2,0.684497594833374,0.1542929708957672,0.6710609793663025,0.8798267841339111,0.5026049613952637,0.5
2021-06-19T17:56:03,4,1,0.7082723379135132,0.17034392058849335,0.7074247598648071,0.8807551264762878,0.5374847054481506,0.5
2021-06-19T17:56:03,2,1,0.7271498441696167,0.1977231800556183,0.7271498441696167,0.9248730540275574,0.5294266939163208,0.5
2021-06-19T17:56:03,3,1,0.739504337310791,0.1589517891407013,0.6867651343345642,0.9551156759262085,0.5766321420669556,0.5
2021-06-19T17:56:04,1,1,0.9191309809684753,0.0,0.9191309809684753,0.9191309809684753,0.9191309809684753,0.5
2021-06-19T17:56:04,2,1,0.7633463144302368,0.1396983563899994,0.7633463144302368,0.9030447006225586,0.6236479878425598,0.5
2021-06-19T17:56:04,2,1,0.7192550897598267,0.18575814366340637,0.7192550897598267,0.9050132632255554,0.5334969758987427,0.5
2021-06-19T17:56:04,2,1,0.7135248184204102,0.14472630620002747,0.7135248184204102,0.8582510948181152,0.5687984824180603,0.5
2021-06-19T17:56:05,2,1,0.8852832317352295,0.014982044696807861,0.8852832317352295,0.9002652764320374,0.8703011870384216,0.5
2021-06-19T17:56:06,2,1,0.7982703447341919,0.12915360927581787,0.7982703447341919,0.9274239540100098,0.669116735458374,0.5
2021-06-19T17:56:06,2,1,0.7675511837005615,0.16109010577201843,0.7675511837005615,0.9286412596702576,0.6064610481262207,0.5
2021-06-19T17:56:06,3,1,0.6998279690742493,0.16730481386184692,0.6123840808868408,0.9339483380317688,0.5531517267227173,0.5
2021-06-19T17:56:06,2,1,0.7770702838897705,0.1251128613948822,0.7770702838897705,0.9021831154823303,0.6519573926925659,0.5
2021-06-19T17:56:07,2,1,0.7103131413459778,0.15057450532913208,0.7103131413459778,0.8608876466751099,0.5597386360168457,0.5
2021-06-19T17:56:07,2,1,0.7682002186775208,0.020556628704071045,0.7682002186775208,0.7887568473815918,0.7476435899734497,0.5
2021-06-19T17:56:07,2,1,0.7999438047409058,0.1091972291469574,0.7999438047409058,0.9091410636901855,0.6907466053962708,0.5
2021-06-19T17:56:07,2,1,0.7133278846740723,0.1877973973751068,0.7133278846740723,0.9011253118515015,0.5255305171012878,0.5
2021-06-19T17:56:08,1,1,0.9158077239990234,0.0,0.9158077239990234,0.9158077239990234,0.9158077239990234,0.5
2021-06-19T17:56:10,2,1,0.7066397666931152,0.17534106969833374,0.7066397666931152,0.881980836391449,0.5312986969947815,0.5
2021-06-19T17:56:10,2,1,0.7681822776794434,0.1177530288696289,0.7681822776794434,0.8859353065490723,0.6504292488098145,0.5
2021-06-19T17:56:10,4,2,0.6574169397354126,0.15689241886138916,0.5902960896492004,0.9234737157821655,0.525601863861084,0.5
2021-06-19T17:56:10,2,1,0.7341005802154541,0.1909479796886444,0.7341005802154541,0.9250485897064209,0.5431526303291321,0.5
2021-06-19T17:56:11,3,1,0.7396572232246399,0.16414833068847656,0.736328125,0.9423409700393677,0.5403026938438416,0.5
2021-06-19T17:56:11,1,1,0.8936132788658142,0.0,0.8936132788658142,0.8936132788658142,0.8936132788658142,0.5
2021-06-19T17:56:11,3,1,0.6674561500549316,0.1633225530385971,0.5733343958854675,0.8971840143203735,0.5318502187728882,0.5
2021-06-19T17:56:11,2,1,0.7652393579483032,0.0828753411769867,0.7652393579483032,0.8481147289276123,0.6823640465736389,0.5
2021-06-19T17:56:12,2,1,0.7519274950027466,0.15200436115264893,0.7519274950027466,0.9039318561553955,0.5999231338500977,0.5
2021-06-19T17:56:12,2,1,0.7773473262786865,0.15453192591667175,0.7773473262786865,0.9318792223930359,0.6228153705596924,0.5
2021-06-19T17:56:12,2,1,0.8012292385101318,0.10883477330207825,0.8012292385101318,0.9100640416145325,0.692394495010376,0.5
2021-06-19T17:56:12,2,1,0.8152559995651245,0.12272390723228455,0.8152559995651245,0.9379798769950867,0.6925320625305176,0.5
2021-06-19T17:56:13,2,1,0.733513355255127,0.1734464466571808,0.733513355255127,0.9069597721099854,0.5600668787956238,0.5
2021-06-19T17:56:13,2,1,0.7200688719749451,0.16584455966949463,0.7200688719749451,0.8859134316444397,0.5542243123054504,0.5
2021-06-19T17:56:13,2,1,0.8571548461914062,0.08427789807319641,0.8571548461914062,0.9414327144622803,0.7728769183158875,0.5
2021-06-19T17:56:13,2,1,0.7880618572235107,0.08441314101219177,0.7880618572235107,0.8724749684333801,0.7036486864089966,0.5
2021-06-19T17:56:14,2,1,0.7331632375717163,0.1456979215145111,0.7331632375717163,0.878861129283905,0.5874652862548828,0.5
2021-06-19T17:56:14,2,1,0.7753451466560364,0.15914875268936157,0.7753451466560364,0.934493899345398,0.6161963939666748,0.5
2021-06-19T17:56:14,2,1,0.7808153629302979,0.13214731216430664,0.7808153629302979,0.9129626750946045,0.6486680507659912,0.5
2021-06-19T17:56:14,2,1,0.7797300815582275,0.14305326342582703,0.7797300815582275,0.9227833151817322,0.6366767883300781,0.5
2021-06-19T17:56:15,2,1,0.8027123212814331,0.1297260820865631,0.8027123212814331,0.9324383735656738,0.6729862093925476,0.5
2021-06-19T17:56:15,2,1,0.7354079484939575,0.11939507722854614,0.7354079484939575,0.8548030257225037,0.6160128712654114,0.5
2021-06-19T17:56:15,1,1,0.9100592732429504,0.0,0.9100592732429504,0.9100592732429504,0.9100592732429504,0.5
2021-06-19T17:56:15,2,1,0.8010445237159729,0.09526181221008301,0.8010445237159729,0.8963063359260559,0.7057827115058899,0.5
2021-06-19T17:56:16,2,1,0.7399565577507019,0.1905895471572876,0.7399565577507019,0.9305461049079895,0.5493670105934143,0.5
2021-06-19T17:56:16,1,1,0.8728999495506287,0.0,0.8728999495506287,0.8728999495506287,0.8728999495506287,0.5
2021-06-19T17:56:16,1,1,0.8771529793739319,0.0,0.8771529793739319,0.8771529793739319,0.8771529793739319,0.5
2021-06-19T17:56:16,3,1,0.6625611782073975,0.10484971851110458,0.6657967567443848,0.7893269658088684,0.5325598120689392,0.5
2021-06-19T17:56:17,2,1,0.7557642459869385,0.15225332975387573,0.7557642459869385,0.9080175757408142,0.6035109162330627,0.5
2021-06-19T17:56:17,2,1,0.763941764831543,0.1298094093799591,0.763941764831543,0.8937511444091797,0.6341323256492615,0.5
2021-06-19T17:56:17,2,1,0.8200918436050415,0.08482220768928528,0.8200918436050415,0.9049140214920044,0.7352696061134338,0.5
2021-06-19T17:56:17,1,1,0.9090002775192261,0.0,0.9090002775192261,0.9090002775192261,0.9090002775192261,0.5
2021-06-19T17:56:18,1,1,0.9596214890480042,0.0,0.9596214890480042,0.9596214890480042,0.9596214890480042,0.5
2021-06-19T17:56:18,4,1,0.6579939126968384,0.1584617793560028,0.5814183950424194,0.9269015192985535,0.5422371625900269,0.5
2021-06-19T17:56:18,1,1,0.960324227809906,0.0,0.960324227809906,0.960324227809906,0.960324227809906,0.5
2021-06-19T17:56:18,2,1,0.7668664455413818,0.14253297448158264,0.7668664455413818,0.9093994498252869,0.6243335008621216,0.5
2021-06-19T17:56:19,1,1,0.9146871566772461,0.0,0.9146871566772461,0.9146871566772461,0.9146871566772461,0.5
2021-06-19T17:56:19,2,1,0.8138444423675537,0.08449795842170715,0.8138444423675537,0.8983423709869385,0.7293464541435242,0.5
2021-06-19T17:56:19,2,1,0.7342840433120728,0.15155044198036194,0.7342840433120728,0.8858344554901123,0.5827335715293884,0.5
2021-06-19T17:56:19,2,1,0.6553703546524048,0.11147323250770569,0.6553703546524048,0.7668436169624329,0.5438971519470215,0.5
2021-06-19T17:56:20,3,1,0.6851692199707031,0.07445936650037766,0.6952519416809082,0.7709025144577026,0.589353084564209,0.5
2021-06-19T17:56:20,2,1,0.7016295194625854,0.19230499863624573,0.7016295194625854,0.8939344882965088,0.5093244910240173,0.5
2021-06-19T17:56:20,1,1,0.9284341931343079,0.0,0.9284341931343079,0.9284341931343079,0.9284341931343079,0.5
2021-06-19T17:56:20,1,1,0.9423654079437256,0.0,0.9423654079437256,0.9423654079437256,0.9423654079437256,0.5
2021-06-19T17:56:21,1,1,0.9513643980026245,0.0,0.9513643980026245,0.9513643980026245,0.9513643980026245,0.5
2021-06-19T17:56:21,1,1,0.9579646587371826,0.0,0.9579646587371826,0.9579646587371826,0.9579646587371826,0.5
2021-06-19T17:56:21,1,1,0.9574170708656311,0.0,0.9574170708656311,0.9574170708656311,0.9574170708656311,0.5
2021-06-19T17:56:21,1,1,0.9291777014732361,0.0,0.9291777014732361,0.9291777014732361,0.9291777014732361,0.5
2021-06-19T17:56:22,1,1,0.9504924416542053,0.0,0.9504924416542053,0.9504924416542053,0.9504924416542053,0.5
2021-06-19T17:56:22,1,1,0.9515008926391602,0.0,0.9515008926391602,0.9515008926391602,0.9515008926391602,0.5
2021-06-19T17:56:22,1,1,0.9549520015716553,0.0,0.9549520015716553,0.9549520015716553,0.9549520015716553,0.5
2021-06-19T17:56:22,1,1,0.9444651007652283,0.0,0.9444651007652283,0.9444651007652283,0.9444651007652283,0.5
2021-06-19T17:56:23,1,1,0.9738275408744812,0.0,0.9738275408744812,0.9738275408744812,0.9738275408744812,0.5
2021-06-19T17:56:23,2,1,0.7431122064590454,0.21530479192733765,0.7431122064590454,0.9584169983863831,0.5278074145317078,0.5
2021-06-19T17:56:23,1,1,0.9567999839782715,0.0,0.9567999839782715,0.9567999839782715,0.9567999839782715,0.5
2021-06-19T17:56:23,2,1,0.7182548642158508,0.21814721822738647,0.7182548642158508,0.9364020824432373,0.5001076459884644,0.5
2021-06-19T17:56:24,1,1,0.9389660358428955,0.0,0.9389660358428955,0.9389660358428955,0.9389660358428955,0.5
2021-06-19T17:56:24,1,1,0.936059832572937,0.0,0.936059832572937,0.936059832572937,0.936059832572937,0.5
2021-06-19T17:56:24,1,1,0.9428291320800781,0.0,0.9428291320800781,0.9428291320800781,0.9428291320800781,0.5
2021-06-19T17:56:24,1,1,0.9675958752632141,0.0,0.9675958752632141,0.9675958752632141,0.9675958752632141,0.5
2021-06-19T17:56:25,2,1,0.7741905450820923,0.18435722589492798,0.7741905450820923,0.9585477709770203,0.5898333191871643,0.5
2021-06-19T17:56:25,2,1,0.7435632944107056,0.16495996713638306,0.7435632944107056,0.9085232615470886,0.5786033272743225,0.5
2021-06-19T17:56:25,2,1,0.8355625867843628,0.06297942996025085,0.8355625867843628,0.898542046546936,0.7725831866264343,0.5
2021-06-19T17:56:25,1,1,0.9455183744430542,0.0,0.9455183744430542,0.9455183744430542,0.9455183744430542,0.5
2021-06-19T17:56:26,3,1,0.6762880682945251,0.17526966333389282,0.6132659316062927,0.9154053330421448,0.5001928806304932,0.5
2021-06-19T17:56:26,3,1,0.6567851901054382,0.1913236379623413,0.5333741903305054,0.9270198345184326,0.5099616050720215,0.5
2021-06-19T17:56:26,2,1,0.7389392256736755,0.19509917497634888,0.7389392256736755,0.9340384006500244,0.5438400506973267,0.5
2021-06-19T17:56:26,3,1,0.7121819853782654,0.17872001230716705,0.6801261901855469,0.9453287124633789,0.5110910534858704,0.5
2021-06-19T17:56:27,4,1,0.7159803509712219,0.18731538951396942,0.7007802724838257,0.9430472254753113,0.5193135142326355,0.5
2021-06-19T17:56:27,2,1,0.7609790563583374,0.1782919466495514,0.7609790563583374,0.9392710328102112,0.5826871395111084,0.5
2021-06-19T17:56:27,2,1,0.8449908494949341,0.10761043429374695,0.8449908494949341,0.9526013135910034,0.7373804450035095,0.5
2021-06-19T17:56:29,1,1,0.9592580199241638,0.0,0.9592580199241638,0.9592580199241638,0.9592580199241638,0.5
2021-06-19T17:56:29,1,1,0.9723761081695557,0.0,0.9723761081695557,0.9723761081695557,0.9723761081695557,0.5
2021-06-19T17:56:29,2,1,0.8133804798126221,0.12311431765556335,0.8133804798126221,0.936494767665863,0.6902661323547363,0.5
2021-06-19T17:56:29,2,1,0.8138934969902039,0.14622783660888672,0.8138934969902039,0.9601213335990906,0.6676656603813171,0.5
2021-06-19T17:56:30,1,1,0.9399102926254272,0.0,0.9399102926254272,0.9399102926254272,0.9399102926254272,0.5
2021-06-19T17:56:30,4,1,0.6253724694252014,0.15745702385902405,0.5378044843673706,0.8979814648628235,0.527899444103241,0.5
2021-06-19T17:56:30,2,1,0.78962641954422,0.15198171138763428,0.78962641954422,0.9416081309318542,0.6376447081565857,0.5
2021-06-19T17:56:30,2,1,0.87128746509552,0.0791485607624054,0.87128746509552,0.950435996055603,0.7921388745307922,0.5
2021-06-19T17:56:31,3,1,0.74443119764328,0.15604500472545624,0.7034263014793396,0.9527208209037781,0.5771465301513672,0.5
2021-06-19T17:56:31,3,1,0.6468498706817627,0.19811362028121948,0.5069922804832458,0.9270247220993042,0.506532609462738,0.5
2021-06-19T17:56:31,1,1,0.9358910918235779,0.0,0.9358910918235779,0.9358910918235779,0.9358910918235779,0.5
2021-06-19T17:56:31,3,1,0.7593109607696533,0.1312066614627838,0.7779006361961365,0.9099023342132568,0.5901299118995667,0.5
2021-06-19T17:56:32,2,1,0.7970359325408936,0.1496620774269104,0.7970359325408936,0.946698009967804,0.6473738551139832,0.5
2021-06-19T17:56:32,2,1,0.7446916103363037,0.21259984374046326,0.7446916103363037,0.9572914242744446,0.5320917367935181,0.5
2021-06-19T17:56:32,2,1,0.8256493806838989,0.12693354487419128,0.8256493806838989,0.9525828957557678,0.6987158060073853,0.5
2021-06-19T17:56:32,2,1,0.7523337602615356,0.17980685830116272,0.7523337602615356,0.9321406483650208,0.5725269317626953,0.5
2021-06-19T17:56:33,4,1,0.6840797662734985,0.17077475786209106,0.6208081841468811,0.9630334973335266,0.5316690802574158,0.5
2021-06-19T17:56:33,3,1,0.6826398372650146,0.19137804210186005,0.600972056388855,0.946937620639801,0.5000098347663879,0.5
2021-06-19T17:56:33,4,1,0.6557425856590271,0.17164385318756104,0.5809381008148193,0.9476634860038757,0.5134305953979492,0.5
2021-06-19T17:56:33,1,1,0.9535788893699646,0.0,0.9535788893699646,0.9535788893699646,0.9535788893699646,0.5
2021-06-19T17:56:34,2,1,0.7778177261352539,0.14590054750442505,0.7778177261352539,0.923718273639679,0.6319171786308289,0.5
2021-06-19T17:56:36,2,1,0.7894488573074341,0.15125519037246704,0.7894488573074341,0.9407040476799011,0.638193666934967,0.5
2021-06-19T17:56:36,2,1,0.8380765318870544,0.12765949964523315,0.8380765318870544,0.9657360315322876,0.7104170322418213,0.5
2021-06-19T17:56:36,2,1,0.7282918691635132,0.22826650738716125,0.7282918691635132,0.9565584063529968,0.5000253915786743,0.5
2021-06-19T17:56:36,2,1,0.8124604225158691,0.11596104502677917,0.8124604225158691,0.9284214377403259,0.6964993476867676,0.5
2021-06-19T17:56:37,2,1,0.7582679390907288,0.1896425485610962,0.7582679390907288,0.947910487651825,0.5686253905296326,0.5
2021-06-19T17:56:37,3,1,0.7006025314331055,0.1753019392490387,0.5842365622520447,0.9483649730682373,0.5692060589790344,0.5
2021-06-19T17:56:37,1,1,0.9528145790100098,0.0,0.9528145790100098,0.9528145790100098,0.9528145790100098,0.5
2021-06-19T17:56:37,3,1,0.6888322830200195,0.1843702793121338,0.5964962244033813,0.9461736083030701,0.5238271355628967,0.5
2021-06-19T17:56:38,3,1,0.7480798363685608,0.17370811104774475,0.751497745513916,0.9590984582901001,0.5336434245109558,0.5
2021-06-19T17:56:38,2,1,0.7325565814971924,0.2317993938922882,0.7325565814971924,0.964356005191803,0.5007572174072266,0.5
2021-06-19T17:56:38,3,1,0.7099604606628418,0.14910738170146942,0.6066163182258606,0.9208164215087891,0.6024487018585205,0.5
2021-06-19T17:56:38,3,1,0.7211658954620361,0.15795494616031647,0.6820487380027771,0.931189775466919,0.5502591729164124,0.5
2021-06-19T17:56:39,1,1,0.9487270712852478,0.0,0.9487270712852478,0.9487270712852478,0.9487270712852478,0.5
2021-06-19T17:56:39,3,1,0.7755851149559021,0.18304605782032013,0.8391299247741699,0.961138129234314,0.5264872908592224,0.5
2021-06-19T17:56:39,2,1,0.7974680662155151,0.15764686465263367,0.7974680662155151,0.9551149010658264,0.6398211717605591,0.5
2021-06-19T17:56:39,2,1,0.7382464408874512,0.19287005066871643,0.7382464408874512,0.9311164617538452,0.5453763604164124,0.5
2021-06-19T17:56:40,3,1,0.6926429867744446,0.18436075747013092,0.5850487947463989,0.952112078666687,0.5407682061195374,0.5
2021-06-19T17:56:40,2,1,0.7301476001739502,0.21862757205963135,0.7301476001739502,0.9487751722335815,0.5115200281143188,0.5
2021-06-19T17:56:40,2,1,0.7971160411834717,0.14848387241363525,0.7971160411834717,0.9455999135971069,0.6486321687698364,0.5
2021-06-19T17:56:40,1,1,0.9433977603912354,0.0,0.9433977603912354,0.9433977603912354,0.9433977603912354,0.5
2021-06-19T17:56:41,3,1,0.7480149269104004,0.1731882393360138,0.7422053217887878,0.9629714488983154,0.5388680100440979,0.5
2021-06-19T17:56:41,1,1,0.9528084993362427,0.0,0.9528084993362427,0.9528084993362427,0.9528084993362427,0.5
2021-06-19T17:56:41,3,1,0.6730952262878418,0.19394010305404663,0.5365216732025146,0.9473671317100525,0.5353967547416687,0.5
2021-06-19T17:56:41,1,1,0.9721323847770691,0.0,0.9721323847770691,0.9721323847770691,0.9721323847770691,0.5
2021-06-19T17:56:42,4,1,0.6713346242904663,0.1594163179397583,0.6280616521835327,0.9246257543563843,0.5045896172523499,0.5
2021-06-19T17:56:42,5,1,0.6888320446014404,0.13754189014434814,0.6386184096336365,0.9463329911231995,0.5610208511352539,0.5
2021-06-19T17:56:42,3,1,0.6436502933502197,0.18597672879695892,0.5202620625495911,0.9064973592758179,0.5041913390159607,0.5
2021-06-19T17:56:42,2,1,0.7159674167633057,0.18494713306427002,0.7159674167633057,0.9009145498275757,0.5310202836990356,0.5
2021-06-19T17:56:43,2,1,0.7673974633216858,0.16576159000396729,0.7673974633216858,0.9331590533256531,0.6016358733177185,0.5
2021-06-19T17:56:43,2,1,0.7228387594223022,0.21495559811592102,0.7228387594223022,0.9377943277359009,0.5078831315040588,0.5
2021-06-19T17:56:43,3,1,0.6772559285163879,0.20966871082782745,0.550183117389679,0.9728071093559265,0.5087777376174927,0.5
2021-06-19T17:56:44,1,1,0.9555954933166504,0.0,0.9555954933166504,0.9555954933166504,0.9555954933166504,0.5
2021-06-19T17:56:44,2,1,0.7930898666381836,0.15432175993919373,0.7930898666381836,0.9474115967750549,0.6387680768966675,0.5
2021-06-19T17:56:44,3,1,0.7310457229614258,0.18190664052963257,0.7176980972290039,0.9602085947990417,0.5152302980422974,0.5
2021-06-19T17:56:44,3,1,0.6693475246429443,0.17128033936023712,0.5596483945846558,0.9112265110015869,0.5371676683425903,0.5
2021-06-19T17:56:45,2,1,0.7406937479972839,0.19778108596801758,0.7406937479972839,0.9384748339653015,0.5429126620292664,0.5
2021-06-19T17:56:45,4,1,0.6421965956687927,0.1779693067073822,0.5531952381134033,0.9488924741744995,0.5135034918785095,0.5
2021-06-19T17:56:45,1,1,0.9436774253845215,0.0,0.9436774253845215,0.9436774253845215,0.9436774253845215,0.5
2021-06-19T17:56:45,2,1,0.7464339137077332,0.2188459038734436,0.7464339137077332,0.9652798175811768,0.5275880098342896,0.5
2021-06-19T17:56:46,2,1,0.7562186121940613,0.1847551465034485,0.7562186121940613,0.9409737586975098,0.5714634656906128,0.5
2021-06-19T17:56:46,2,1,0.7502996921539307,0.21356645226478577,0.7502996921539307,0.963866114616394,0.5367332100868225,0.5
2021-06-19T17:56:46,3,1,0.7336280941963196,0.16990916430950165,0.7867980599403381,0.9099801182746887,0.5041062235832214,0.5
2021-06-19T17:56:46,2,1,0.7076467275619507,0.20764374732971191,0.7076467275619507,0.9152904748916626,0.5000029802322388,0.5
2021-06-19T17:56:47,2,1,0.7250841856002808,0.1887032687664032,0.7250841856002808,0.9137874245643616,0.5363808870315552,0.5
2021-06-19T17:56:47,4,1,0.6817717552185059,0.1445254385471344,0.6514596343040466,0.9106176495552063,0.5135504007339478,0.5
2021-06-19T17:56:47,1,1,0.9652184247970581,0.0,0.9652184247970581,0.9652184247970581,0.9652184247970581,0.5
2021-06-19T17:56:47,2,1,0.7788463830947876,0.17383936047554016,0.7788463830947876,0.9526857733726501,0.6050070524215698,0.5
2021-06-19T17:56:48,2,1,0.744206428527832,0.18463942408561707,0.744206428527832,0.9288458228111267,0.5595669746398926,0.5
2021-06-19T17:56:48,3,1,0.7290331721305847,0.15114644169807434,0.6869523525238037,0.9315666556358337,0.5685802698135376,0.5
2021-06-19T17:56:48,2,1,0.7311956286430359,0.18882781267166138,0.7311956286430359,0.9200234413146973,0.5423678159713745,0.5
2021-06-19T17:56:48,2,1,0.7338736057281494,0.21845123171806335,0.7338736057281494,0.9523248672485352,0.5154224038124084,0.5
2021-06-19T17:56:49,3,1,0.6959624290466309,0.17324033379554749,0.6200667023658752,0.9356482625007629,0.5321723818778992,0.5
2021-06-19T17:56:50,3,1,0.734416663646698,0.1381077617406845,0.6534680128097534,0.9288264513015747,0.6209555864334106,0.5
2021-06-19T17:56:50,2,1,0.7554630041122437,0.14619290828704834,0.7554630041122437,0.901655912399292,0.6092700958251953,0.5
2021-06-19T17:56:50,2,1,0.7414640188217163,0.17838025093078613,0.7414640188217163,0.9198442697525024,0.5630837678909302,0.5
2021-06-19T17:56:50,3,1,0.6676614880561829,0.19065673649311066,0.5644606947898865,0.9349867105484009,0.503537118434906,0.5
2021-06-19T17:56:51,1,1,0.9065326452255249,0.0,0.9065326452255249,0.9065326452255249,0.9065326452255249,0.5
2021-06-19T17:56:51,3,1,0.7629942893981934,0.15823271870613098,0.760455846786499,0.9580457210540771,0.5704812407493591,0.5
2021-06-19T17:56:51,1,1,0.9187633395195007,0.0,0.9187633395195007,0.9187633395195007,0.9187633395195007,0.5
2021-06-19T17:56:52,2,1,0.7416980266571045,0.22035732865333557,0.7416980266571045,0.9620553851127625,0.5213407278060913,0.5
2021-06-19T17:56:52,2,1,0.863147497177124,0.08220678567886353,0.863147497177124,0.9453542828559875,0.7809407114982605,0.5
2021-06-19T17:56:52,3,1,0.6543035507202148,0.16946302354335785,0.536570131778717,0.8939483165740967,0.5323922038078308,0.5
2021-06-19T17:56:52,2,1,0.7650407552719116,0.1394084393978119,0.7650407552719116,0.9044491648674011,0.6256322860717773,0.5
2021-06-19T17:56:53,3,1,0.7006425857543945,0.1852375566959381,0.579048216342926,0.962388813495636,0.560490608215332,0.5
2021-06-19T17:56:53,3,1,0.6852949261665344,0.16326236724853516,0.6032482385635376,0.9132224917411804,0.5394142866134644,0.5
2021-06-19T17:56:53,3,1,0.699263870716095,0.14199215173721313,0.6705173850059509,0.8857501745223999,0.5415241718292236,0.5
2021-06-19T17:57:25,1,1,0.9534940719604492,0.0,0.9534940719604492,0.9534940719604492,0.9534940719604492,0.5
2021-06-19T17:57:25,2,1,0.7742750644683838,0.19155201315879822,0.7742750644683838,0.9658270478248596,0.5827230215072632,0.5
2021-06-19T17:57:26,1,1,0.9645722508430481,0.0,0.9645722508430481,0.9645722508430481,0.9645722508430481,0.5
2021-06-19T17:57:26,2,1,0.789659857749939,0.15117117762565613,0.789659857749939,0.9408310651779175,0.6384887099266052,0.5
2021-06-19T17:57:26,2,1,0.7833747863769531,0.15321052074432373,0.7833747863769531,0.9365853071212769,0.6301642656326294,0.5
2021-06-19T17:57:26,3,1,0.7889559864997864,0.12267538160085678,0.7053024768829346,0.9624089002609253,0.699156641960144,0.5
2021-06-19T17:57:27,2,1,0.7224831581115723,0.22003662586212158,0.7224831581115723,0.9425197839736938,0.5024465322494507,0.5
2021-06-19T17:57:27,3,1,0.6860598921775818,0.17553390562534332,0.5799802541732788,0.9334667325019836,0.5447325110435486,0.5
2021-06-19T17:57:27,2,1,0.7395105361938477,0.17702728509902954,0.7395105361938477,0.9165378212928772,0.5624832510948181,0.5
2021-06-19T17:57:27,3,1,0.6980181336402893,0.15310077369213104,0.6663221120834351,0.8993554711341858,0.5283768177032471,0.5
2021-06-19T17:57:28,3,1,0.6476413607597351,0.16721586883068085,0.5471714735031128,0.8832706809043884,0.5124819278717041,0.5
2021-06-19T17:57:28,1,1,0.9569780230522156,0.0,0.9569780230522156,0.9569780230522156,0.9569780230522156,0.5
2021-06-19T17:57:28,2,1,0.7350195646286011,0.20688587427139282,0.7350195646286011,0.9419054388999939,0.5281336903572083,0.5
2021-06-19T17:57:28,4,1,0.6654759645462036,0.1626407504081726,0.5792465806007385,0.946039080619812,0.5573714971542358,0.5
2021-06-19T17:57:29,3,1,0.6983237266540527,0.1772342324256897,0.5819847583770752,0.948760986328125,0.5642254948616028,0.5
2021-06-19T17:57:29,2,1,0.7274397611618042,0.22145597636699677,0.7274397611618042,0.9488956928253174,0.5059837698936462,0.5
2021-06-19T17:57:29,4,1,0.6593458652496338,0.1703730672597885,0.603711724281311,0.9278579950332642,0.5021020770072937,0.5
2021-06-19T17:57:29,2,1,0.7778692245483398,0.1181032657623291,0.7778692245483398,0.895972490310669,0.6597659587860107,0.5
2021-06-19T17:57:30,2,1,0.74347984790802,0.22286686301231384,0.74347984790802,0.9663466811180115,0.5206129550933838,0.5
2021-06-19T17:57:30,2,1,0.7803376317024231,0.1897311806678772,0.7803376317024231,0.9700688123703003,0.5906064510345459,0.5
2021-06-19T17:57:30,1,1,0.9754608273506165,0.0,0.9754608273506165,0.9754608273506165,0.9754608273506165,0.5
2021-06-19T17:57:30,3,1,0.6739740967750549,0.21316373348236084,0.5387139320373535,0.9749208688735962,0.5082874894142151,0.5
2021-06-19T17:57:31,2,1,0.7493340969085693,0.17960086464881897,0.7493340969085693,0.9289349913597107,0.5697332620620728,0.5
2021-06-19T17:57:33,2,1,0.8432817459106445,0.10186582803726196,0.8432817459106445,0.9451475739479065,0.7414159178733826,0.5
2021-06-19T17:57:33,2,1,0.7282474040985107,0.22486597299575806,0.7282474040985107,0.9531133770942688,0.5033814311027527,0.5
2021-06-19T17:57:33,2,1,0.7751776576042175,0.18393760919570923,0.7751776576042175,0.9591152667999268,0.5912400484085083,0.5
2021-06-19T17:57:33,1,1,0.9528912901878357,0.0,0.9528912901878357,0.9528912901878357,0.9528912901878357,0.5
2021-06-19T17:57:34,1,1,0.953464150428772,0.0,0.953464150428772,0.953464150428772,0.953464150428772,0.5
2021-06-19T17:57:34,2,1,0.7605324387550354,0.1988372802734375,0.7605324387550354,0.9593697190284729,0.5616951584815979,0.5
2021-06-19T17:57:34,3,1,0.7093183994293213,0.18571484088897705,0.6720417737960815,0.9531074166297913,0.5028060078620911,0.5
2021-06-19T17:57:34,3,1,0.7362644076347351,0.1496119201183319,0.657176673412323,0.9457625150680542,0.6058540940284729,0.5
2021-06-19T17:57:35,4,1,0.6736404895782471,0.15805046260356903,0.5857217907905579,0.9472984075546265,0.5758200287818909,0.5
2021-06-19T17:57:35,3,1,0.6665356755256653,0.21917033195495605,0.5163039565086365,0.9764413833618164,0.506861686706543,0.5
2021-06-19T17:57:35,1,1,0.9587734341621399,0.0,0.9587734341621399,0.9587734341621399,0.9587734341621399,0.5
2021-06-19T17:57:35,2,1,0.7654390335083008,0.1659885048866272,0.7654390335083008,0.931427538394928,0.5994505286216736,0.5
2021-06-19T17:57:36,1,1,0.9512573480606079,0.0,0.9512573480606079,0.9512573480606079,0.9512573480606079,0.5
2021-06-19T17:57:38,2,1,0.7841678857803345,0.13306084275245667,0.7841678857803345,0.9172287583351135,0.6511070728302002,0.5
2021-06-19T17:57:38,3,1,0.6921103596687317,0.1774623543024063,0.5859673619270325,0.9421325922012329,0.5482312440872192,0.5
2021-06-19T17:57:38,2,1,0.704014241695404,0.20189779996871948,0.704014241695404,0.9059120416641235,0.5021164417266846,0.5
2021-06-19T17:57:38,2,1,0.7311468124389648,0.16492754220962524,0.7311468124389648,0.8960743546485901,0.5662192702293396,0.5
2021-06-19T17:57:39,3,1,0.6524460315704346,0.18243277072906494,0.54656583070755,0.909137487411499,0.5016348361968994,0.5
2021-06-19T17:57:39,2,1,0.8240044116973877,0.11172747611999512,0.8240044116973877,0.9357318878173828,0.7122769355773926,0.5
2021-06-19T17:57:39,4,1,0.6506848335266113,0.16756050288677216,0.5766738057136536,0.935878574848175,0.5135129690170288,0.5
2021-06-19T17:57:39,2,1,0.7741695642471313,0.15943285822868347,0.7741695642471313,0.9336023926734924,0.6147366762161255,0.5
2021-06-19T17:57:40,2,1,0.7457359433174133,0.21996235847473145,0.7457359433174133,0.9656983017921448,0.5257735848426819,0.5
2021-06-19T17:57:40,2,1,0.7987557649612427,0.1333719789981842,0.7987557649612427,0.9321277141571045,0.6653837561607361,0.5
2021-06-19T17:57:40,3,1,0.7316752076148987,0.14625997841358185,0.6685997247695923,0.933812141418457,0.5926137566566467,0.5
2021-06-19T17:57:40,4,1,0.7232809066772461,0.14210431277751923,0.6873100996017456,0.9343667030334473,0.5841370224952698,0.5
2021-06-19T17:57:41,2,1,0.771838366985321,0.1393204927444458,0.771838366985321,0.9111588597297668,0.6325178742408752,0.5
2021-06-19T17:57:41,2,1,0.7877684831619263,0.12902528047561646,0.7877684831619263,0.9167937636375427,0.6587432026863098,0.5
2021-06-19T17:57:41,3,1,0.6967460513114929,0.19486740231513977,0.6050167679786682,0.9676645994186401,0.5175567865371704,0.5
2021-06-19T17:57:41,3,1,0.6555747985839844,0.17477646470069885,0.5413564443588257,0.9025151133537292,0.5228529572486877,0.5
2021-06-19T17:57:42,2,1,0.8084919452667236,0.15537068247795105,0.8084919452667236,0.9638625979423523,0.6531212329864502,0.5
2021-06-19T17:57:42,3,1,0.6910701394081116,0.13881705701351166,0.6356441974639893,0.8818820118904114,0.5556843280792236,0.5
2021-06-19T17:57:42,3,1,0.7280726432800293,0.13854004442691803,0.7167261242866516,0.9031372666358948,0.564354419708252,0.5
2021-06-19T17:57:43,2,1,0.7784147262573242,0.1534147560596466,0.7784147262573242,0.9318295121192932,0.625,0.5
2021-06-19T17:57:43,2,1,0.8096973896026611,0.08572468161582947,0.8096973896026611,0.8954220414161682,0.7239726781845093,0.5
2021-06-19T17:57:43,1,1,0.9419169425964355,0.0,0.9419169425964355,0.9419169425964355,0.9419169425964355,0.5
2021-06-19T17:57:43,1,1,0.9440559148788452,0.0,0.9440559148788452,0.9440559148788452,0.9440559148788452,0.5
2021-06-19T17:57:44,2,1,0.7635635137557983,0.2048403024673462,0.7635635137557983,0.9684038162231445,0.5587232112884521,0.5
2021-06-19T17:57:44,1,1,0.9544193148612976,0.0,0.9544193148612976,0.9544193148612976,0.9544193148612976,0.5
2021-06-19T17:57:44,2,1,0.7458150386810303,0.23131170868873596,0.7458150386810303,0.9771267771720886,0.5145033597946167,0.5
2021-06-19T17:57:44,2,1,0.7610204219818115,0.20520731806755066,0.7610204219818115,0.9662277698516846,0.5558131337165833,0.5
2021-06-19T17:57:45,1,1,0.9622141718864441,0.0,0.9622141718864441,0.9622141718864441,0.9622141718864441,0.5
2021-06-19T17:57:45,4,1,0.7221642732620239,0.1936555802822113,0.7240403890609741,0.9381163120269775,0.5024599432945251,0.5
2021-06-19T17:57:45,4,1,0.6789861917495728,0.16706138849258423,0.6339474320411682,0.927186131477356,0.5208637118339539,0.5
2021-06-19T17:57:45,1,1,0.8969089388847351,0.0,0.8969089388847351,0.8969089388847351,0.8969089388847351,0.5
2021-06-19T17:57:46,2,1,0.8229067921638489,0.12052416801452637,0.8229067921638489,0.9434309601783752,0.7023826241493225,0.5
2021-06-19T17:57:46,2,1,0.7966756820678711,0.06851491332054138,0.7966756820678711,0.8651905655860901,0.7281607389450073,0.5
2021-06-19T17:57:46,1,1,0.8105457425117493,0.0,0.8105457425117493,0.8105457425117493,0.8105457425117493,0.5
2021-06-19T17:57:46,1,1,0.9244992136955261,0.0,0.9244992136955261,0.9244992136955261,0.9244992136955261,0.5
2021-06-19T17:57:47,2,1,0.7463692426681519,0.22652360796928406,0.7463692426681519,0.9728928208351135,0.5198456048965454,0.5
2021-06-19T17:57:51,1,1,0.9697120785713196,0.0,0.9697120785713196,0.9697120785713196,0.9697120785713196,0.5
2021-06-19T17:57:51,1,1,0.9740739464759827,0.0,0.9740739464759827,0.9740739464759827,0.9740739464759827,0.5
2021-06-19T17:57:51,3,1,0.6818413138389587,0.20366954803466797,0.5535368323326111,0.9693214893341064,0.5226654410362244,0.5
2021-06-19T17:57:51,3,1,0.6512930393218994,0.21204626560211182,0.5015559196472168,0.9511716365814209,0.5011515021324158,0.5
2021-06-19T17:57:52,2,1,0.8014841079711914,0.1540391743183136,0.8014841079711914,0.9555233120918274,0.6474449634552002,0.5
2021-06-19T17:57:52,1,1,0.9804238080978394,0.0,0.9804238080978394,0.9804238080978394,0.9804238080978394,0.5
2021-06-19T17:57:52,2,1,0.7413605451583862,0.21388891339302063,0.7413605451583862,0.9552494287490845,0.5274716019630432,0.5
2021-06-19T17:57:52,1,1,0.9723610281944275,0.0,0.9723610281944275,0.9723610281944275,0.9723610281944275,0.5
2021-06-19T17:57:53,1,1,0.9635345339775085,0.0,0.9635345339775085,0.9635345339775085,0.9635345339775085,0.5
2021-06-19T17:57:53,2,1,0.7687199115753174,0.2011207640171051,0.7687199115753174,0.9698407053947449,0.5675991773605347,0.5
2021-06-19T17:57:53,2,1,0.7661465406417847,0.1754227578639984,0.7661465406417847,0.9415693283081055,0.5907238125801086,0.5
2021-06-19T17:57:53,1,1,0.9630498290061951,0.0,0.9630498290061951,0.9630498290061951,0.9630498290061951,0.5
2021-06-19T17:57:54,2,1,0.7494276165962219,0.19466441869735718,0.7494276165962219,0.9440920352935791,0.5547631978988647,0.5
2021-06-19T17:57:54,3,1,0.6793637275695801,0.1995217204093933,0.5456662774085999,0.9614033699035645,0.5310215950012207,0.5
2021-06-19T17:57:54,2,1,0.8168150186538696,0.09656891226768494,0.8168150186538696,0.913383960723877,0.7202461361885071,0.5
2021-06-19T17:57:54,2,1,0.7449238896369934,0.2173612117767334,0.7449238896369934,0.9622851014137268,0.52756267786026,0.5
2021-06-19T17:57:55,3,1,0.6900668144226074,0.19596025347709656,0.5969914793968201,0.9626650214195251,0.510543942451477,0.5
2021-06-19T17:57:55,2,1,0.7481757402420044,0.17798718810081482,0.7481757402420044,0.9261629581451416,0.570188581943512,0.5
2021-06-19T17:57:55,2,1,0.7489652633666992,0.2005256712436676,0.7489652633666992,0.9494909048080444,0.5484395623207092,0.5
2021-06-19T17:57:55,3,1,0.7168154120445251,0.17686904966831207,0.670564591884613,0.9528249502182007,0.5270567536354065,0.5
2021-06-19T17:57:56,1,1,0.9653189182281494,0.0,0.9653189182281494,0.9653189182281494,0.9653189182281494,0.5
2021-06-19T17:57:56,2,1,0.7401690483093262,0.227495938539505,0.7401690483093262,0.9676649570465088,0.5126730799674988,0.5
2021-06-19T17:57:56,1,1,0.9592567086219788,0.0,0.9592567086219788,0.9592567086219788,0.9592567086219788,0.5
2021-06-19T17:57:56,2,1,0.7324606776237488,0.21759438514709473,0.7324606776237488,0.9500550627708435,0.514866292476654,0.5
2021-06-19T17:57:57,2,1,0.8344688415527344,0.09241500496864319,0.8344688415527344,0.9268838763237,0.7420538663864136,0.5
2021-06-19T17:57:57,4,1,0.7061559557914734,0.1701330840587616,0.6686148643493652,0.9631694555282593,0.524224579334259,0.5
2021-06-19T17:57:57,3,1,0.6745529174804688,0.18198692798614502,0.5756008625030518,0.9297842383384705,0.5182737112045288,0.5
2021-06-19T17:57:58,2,1,0.7607572674751282,0.21517294645309448,0.7607572674751282,0.9759302139282227,0.5455843210220337,0.5
2021-06-19T17:57:58,3,1,0.7257948517799377,0.16793468594551086,0.6673041582107544,0.9543821811676025,0.5556982755661011,0.5
2021-06-19T17:57:58,1,1,0.9776486754417419,0.0,0.9776486754417419,0.9776486754417419,0.9776486754417419,0.5
2021-06-19T17:57:58,1,1,0.9738190770149231,0.0,0.9738190770149231,0.9738190770149231,0.9738190770149231,0.5
2021-06-19T17:57:59,1,1,0.9290398359298706,0.0,0.9290398359298706,0.9290398359298706,0.9290398359298706,0.5
2021-06-19T17:57:59,2,1,0.7326755523681641,0.19529223442077637,0.7326755523681641,0.9279677867889404,0.5373833179473877,0.5
2021-06-19T17:57:59,2,1,0.873914361000061,0.08500251173973083,0.873914361000061,0.9589169025421143,0.7889118790626526,0.5
2021-06-19T17:57:59,3,1,0.6938675045967102,0.18181513249874115,0.5914973020553589,0.9493204951286316,0.5407847166061401,0.5
2021-06-19T17:58:00,1,1,0.9385063052177429,0.0,0.9385063052177429,0.9385063052177429,0.9385063052177429,0.5
2021-06-19T17:58:00,2,1,0.7911986112594604,0.17954173684120178,0.7911986112594604,0.9707403182983398,0.6116568446159363,0.5
2021-06-19T17:58:00,1,1,0.9485876560211182,0.0,0.9485876560211182,0.9485876560211182,0.9485876560211182,0.5
2021-06-19T17:58:00,1,1,0.9530618190765381,0.0,0.9530618190765381,0.9530618190765381,0.9530618190765381,0.5
2021-06-19T17:58:01,1,1,0.9459555745124817,0.0,0.9459555745124817,0.9459555745124817,0.9459555745124817,0.5
2021-06-19T17:58:01,2,1,0.8110547065734863,0.10863134264945984,0.8110547065734863,0.9196860194206238,0.7024233341217041,0.5
2021-06-19T17:58:01,3,1,0.6926367878913879,0.18708436191082,0.6125414967536926,0.9510634541511536,0.5143054127693176,0.5
2021-06-19T17:58:01,1,1,0.9736958742141724,0.0,0.9736958742141724,0.9736958742141724,0.9736958742141724,0.5
2021-06-19T17:58:02,1,1,0.9648211002349854,0.0,0.9648211002349854,0.9648211002349854,0.9648211002349854,0.5
2021-06-19T17:58:02,1,1,0.964386522769928,0.0,0.964386522769928,0.964386522769928,0.964386522769928,0.5
2021-06-19T17:58:02,2,1,0.8428982496261597,0.08901545405387878,0.8428982496261597,0.9319136738777161,0.7538827657699585,0.5
2021-06-19T17:58:02,2,1,0.7986273765563965,0.15650531649589539,0.7986273765563965,0.9551327228546143,0.6421220898628235,0.5
2021-06-19T17:58:03,1,1,0.9644833207130432,0.0,0.9644833207130432,0.9644833207130432,0.9644833207130432,0.5
2021-06-19T17:58:03,1,1,0.9392242431640625,0.0,0.9392242431640625,0.9392242431640625,0.9392242431640625,0.5
2021-06-19T17:58:03,1,1,0.9709625840187073,0.0,0.9709625840187073,0.9709625840187073,0.9709625840187073,0.5
2021-06-19T17:58:03,2,1,0.7573476433753967,0.20936894416809082,0.7573476433753967,0.9667165875434875,0.5479786992073059,0.5
2021-06-19T17:58:04,3,1,0.7046886086463928,0.18229766190052032,0.5909212827682495,0.9619255065917969,0.5612191557884216,0.5
2021-06-19T17:58:04,1,1,0.9602678418159485,0.0,0.9602678418159485,0.9602678418159485,0.9602678418159485,0.5
2021-06-19T17:58:04,1,1,0.9700115919113159,0.0,0.9700115919113159,0.9700115919113159,0.9700115919113159,0.5
2021-06-19T17:58:04,3,1,0.7001745104789734,0.16631995141506195,0.6137785315513611,0.9328330755233765,0.5539120435714722,0.5
2021-06-19T17:58:05,3,1,0.7127761244773865,0.1714661717414856,0.6332160234451294,0.9509336352348328,0.5541787147521973,0.5
2021-06-19T17:58:05,2,1,0.8181980848312378,0.10377246141433716,0.8181980848312378,0.921970546245575,0.7144256234169006,0.5
2021-06-19T17:58:05,3,1,0.7273271679878235,0.12688109278678894,0.6693941354751587,0.9033687114715576,0.6092188358306885,0.5
2021-06-19T17:58:05,3,1,0.6270026564598083,0.16642411053180695,0.5109637379646301,0.8623542785644531,0.507689893245697,0.5
2021-06-19T17:58:06,1,1,0.7967657446861267,0.0,0.7967657446861267,0.7967657446861267,0.7967657446861267,0.5
2021-06-19T17:58:06,1,1,0.9107012152671814,0.0,0.9107012152671814,0.9107012152671814,0.9107012152671814,0.5
2021-06-19T17:58:06,2,0,0,0,0,0,0,0.5
2021-06-19T17:58:06,2,0,0,0,0,0,0,0.5
2021-06-19T17:58:07,4,0,0,0,0,0,0,0.5
2021-06-19T17:58:07,3,1,0.7099879384040833,0.1419176161289215,0.7554235458374023,0.8565705418586731,0.5179697871208191,0.5
2021-06-19T17:58:07,1,1,0.951375424861908,0.0,0.951375424861908,0.951375424861908,0.951375424861908,0.5
2021-06-19T17:58:07,4,1,0.729910135269165,0.10223741084337234,0.7732043862342834,0.812969982624054,0.5602617263793945,0.5
2021-06-19T17:58:08,2,1,0.6391067504882812,0.09443002939224243,0.6391067504882812,0.7335367798805237,0.5446767210960388,0.5
2021-06-19T17:58:08,2,1,0.7285643815994263,0.16341689229011536,0.7285643815994263,0.891981303691864,0.5651475191116333,0.5
2021-06-19T17:58:08,2,1,0.666419506072998,0.1532837450504303,0.666419506072998,0.8197032809257507,0.5131357908248901,0.5
2021-06-19T17:58:08,4,1,0.7480424642562866,0.10462836921215057,0.7501376867294312,0.8859990239143372,0.6058953404426575,0.5
2021-06-19T17:58:09,2,1,0.7925604581832886,0.14530280232429504,0.7925604581832886,0.9378632307052612,0.6472576260566711,0.5
2021-06-19T17:58:09,4,1,0.726962685585022,0.08903723210096359,0.742833137512207,0.8280079364776611,0.5941764116287231,0.5
2021-06-19T17:58:09,2,1,0.8158386945724487,0.08603835105895996,0.8158386945724487,0.9018770456314087,0.7298003435134888,0.5
2021-06-19T17:58:09,1,0,0,0,0,0,0,0.5
2021-06-19T17:58:10,1,1,0.7114806175231934,0.0,0.7114806175231934,0.7114806175231934,0.7114806175231934,0.5
2021-06-19T17:58:10,3,1,0.6864261627197266,0.12068077176809311,0.7342399954795837,0.8044036030769348,0.5206350088119507,0.5
2021-06-19T17:58:10,1,0,0,0,0,0,0,0.5
2021-06-19T17:58:10,1,0,0,0,0,0,0,0.5
2021-06-19T17:58:11,2,0,0,0,0,0,0,0.5
2021-06-19T17:58:11,2,1,0.7437825798988342,0.11946237087249756,0.7437825798988342,0.8632449507713318,0.6243202090263367,0.5
2021-06-19T17:58:11,3,0,0,0,0,0,0,0.5
2021-06-19T17:58:11,3,1,0.7657976150512695,0.027328649535775185,0.7669990062713623,0.798651397228241,0.7317425012588501,0.5
2021-06-19T17:58:12,4,1,0.660336971282959,0.1338815689086914,0.6135766506195068,0.883438229560852,0.530756413936615,0.5
2021-06-19T17:58:12,2,1,0.6151362061500549,0.019126474857330322,0.6151362061500549,0.6342626810073853,0.5960097312927246,0.5
2021-06-19T17:58:12,4,1,0.5658664107322693,0.04567711055278778,0.5621011257171631,0.620154082775116,0.5191091895103455,0.5
2021-06-19T17:58:12,1,0,0,0,0,0,0,0.5
2021-06-19T17:58:13,4,0,0,0,0,0,0,0.5
2021-06-19T17:58:13,2,0,0,0,0,0,0,0.5
2021-06-19T17:58:13,3,2,0.6926935315132141,0.1091548353433609,0.6898530125617981,0.8277779817581177,0.5604496002197266,0.5
2021-06-19T17:58:13,2,1,0.7008786201477051,0.04407826066017151,0.7008786201477051,0.744956910610199,0.656800389289856,0.5
2021-06-19T17:58:14,4,3,0.6709026098251343,0.07285404205322266,0.6646761894226074,0.7776092290878296,0.5766488313674927,0.5
2021-06-19T17:58:14,5,2,0.6214734315872192,0.1098046824336052,0.6085351705551147,0.816846489906311,0.5028579831123352,0.5
2021-06-19T17:58:14,6,3,0.6367643475532532,0.048241596668958664,0.6477258205413818,0.6897374987602234,0.5419780015945435,0.5
2021-06-19T17:58:14,5,3,0.5992556214332581,0.05889519304037094,0.6397111415863037,0.6516844630241394,0.5042985081672668,0.5
2021-06-19T17:58:15,5,3,0.648293137550354,0.040353477001190186,0.6660008430480957,0.6840531826019287,0.5699538588523865,0.5
2021-06-19T17:58:15,4,3,0.6892873048782349,0.12920944392681122,0.7040040493011475,0.8377029299736023,0.5114380121231079,0.5
2021-06-19T17:58:15,2,1,0.6816362738609314,0.12894773483276367,0.6816362738609314,0.8105840086936951,0.5526885390281677,0.5
2021-06-19T17:58:20,4,2,0.7147799134254456,0.13470414280891418,0.6682193279266357,0.9399280548095703,0.5827528834342957,0.5
2021-06-19T17:58:20,5,2,0.757773756980896,0.14604558050632477,0.7230767011642456,0.9441752433776855,0.5988214612007141,0.5
2021-06-19T17:58:20,4,1,0.8001455068588257,0.11912268400192261,0.8339695334434509,0.9145038723945618,0.6181390285491943,0.5
2021-06-19T17:58:20,5,2,0.7423193454742432,0.12648232281208038,0.7485601902008057,0.9497065544128418,0.6035103797912598,0.5
2021-06-19T17:58:21,4,2,0.7004758715629578,0.13887986540794373,0.6907938718795776,0.8641436696052551,0.5561720728874207,0.5
2021-06-19T17:58:21,4,2,0.7544436454772949,0.13343974947929382,0.73720383644104,0.9536545872688293,0.5897123217582703,0.5
2021-06-19T17:58:21,6,2,0.6656542420387268,0.143993079662323,0.6256431341171265,0.9549457430839539,0.5020750164985657,0.5
2021-06-19T17:58:21,4,2,0.735553503036499,0.1446780264377594,0.7217015027999878,0.9503040909767151,0.5485066771507263,0.5
2021-06-19T17:58:22,4,2,0.8160041570663452,0.13516515493392944,0.8209894895553589,0.951961874961853,0.6700760126113892,0.5
2021-06-19T17:58:26,1,1,0.5399730205535889,0.0,0.5399730205535889,0.5399730205535889,0.5399730205535889,0.5
2021-06-19T17:58:26,1,0,0,0,0,0,0,0.5
2021-06-19T17:58:26,2,1,0.8330886363983154,0.1274828314781189,0.8330886363983154,0.9605714678764343,0.7056058049201965,0.5
2021-06-19T17:58:26,3,1,0.7418032288551331,0.11065950244665146,0.6824470162391663,0.8968843817710876,0.64607834815979,0.5
2021-06-19T17:58:27,2,1,0.6654965281486511,0.12241441011428833,0.6654965281486511,0.7879109382629395,0.5430821180343628,0.5
2021-06-19T17:58:27,4,1,0.815024733543396,0.06923453509807587,0.8338831663131714,0.8825666308403015,0.7097659111022949,0.5
2021-06-19T17:58:27,3,1,0.8256284594535828,0.10152754932641983,0.8187214136123657,0.9532833099365234,0.7048805356025696,0.5
2021-06-19T17:58:27,4,1,0.7903617024421692,0.08631642907857895,0.7861404418945312,0.9148389101028442,0.6743268370628357,0.5
2021-06-19T17:58:28,3,0,0,0,0,0,0,0.5
2021-06-19T17:58:28,2,0,0,0,0,0,0,0.5
2021-06-19T17:58:28,2,0,0,0,0,0,0,0.5
2021-06-19T17:58:28,2,0,0,0,0,0,0,0.5
2021-06-19T17:58:29,2,0,0,0,0,0,0,0.5
2021-06-19T17:58:29,2,0,0,0,0,0,0,0.5
2021-06-19T17:58:29,2,0,0,0,0,0,0,0.5
2021-06-19T17:58:29,2,0,0,0,0,0,0,0.5
2021-06-19T17:58:30,2,0,0,0,0,0,0,0.5
2021-06-19T17:58:30,1,0,0,0,0,0,0,0.5
2021-06-19T17:58:30,2,0,0,0,0,0,0,0.5
2021-06-19T17:58:30,2,0,0,0,0,0,0,0.5
2021-06-19T17:58:31,3,0,0,0,0,0,0,0.5
2021-06-19T17:58:31,2,0,0,0,0,0,0,0.5
2021-06-19T17:58:31,2,0,0,0,0,0,0,0.5
2021-06-19T17:58:31,1,0,0,0,0,0,0,0.5
2021-06-19T17:58:32,2,0,0,0,0,0,0,0.5
2021-06-19T17:58:32,2,0,0,0,0,0,0,0.5
2021-06-19T17:58:32,1,0,0,0,0,0,0,0.5
2021-06-19T17:58:32,1,0,0,0,0,0,0,0.5
2021-06-19T17:58:33,2,0,0,0,0,0,0,0.5
2021-06-19T17:58:33,2,0,0,0,0,0,0,0.5
2021-06-19T17:58:33,2,0,0,0,0,0,0,0.5
2021-06-19T17:58:33,2,0,0,0,0,0,0,0.5
2021-06-19T17:58:34,2,1,0.7634081244468689,0.07509654760360718,0.7634081244468689,0.8385046720504761,0.6883115768432617,0.5
2021-06-19T17:58:34,2,0,0,0,0,0,0,0.5
2021-06-19T17:58:34,1,0,0,0,0,0,0,0.5
2021-06-19T17:58:34,1,0,0,0,0,0,0,0.5
2021-06-19T17:58:36,1,0,0,0,0,0,0,0.5
2021-06-19T17:58:36,1,0,0,0,0,0,0,0.5
2021-06-19T17:58:36,1,0,0,0,0,0,0,0.5
2021-06-19T17:58:36,1,0,0,0,0,0,0,0.5
2021-06-19T17:58:37,1,0,0,0,0,0,0,0.5
2021-06-19T17:58:37,1,1,0.69532710313797,0.0,0.69532710313797,0.69532710313797,0.69532710313797,0.5
2021-06-19T17:58:37,1,1,0.7898203730583191,0.0,0.7898203730583191,0.7898203730583191,0.7898203730583191,0.5
2021-06-19T17:58:37,1,1,0.7102371454238892,0.0,0.7102371454238892,0.7102371454238892,0.7102371454238892,0.5
2021-06-19T17:58:38,2,2,0.6316156387329102,0.06940123438835144,0.6316156387329102,0.701016902923584,0.5622144341468811,0.5
2021-06-19T17:58:38,0,0,0,0,0,0,0,0.5
2021-06-19T17:58:38,0,0,0,0,0,0,0,0.5
2021-06-19T17:58:38,1,0,0,0,0,0,0,0.5
2021-06-19T17:58:39,3,0,0,0,0,0,0,0.5
2021-06-19T17:58:39,2,0,0,0,0,0,0,0.5
2021-06-19T17:58:39,2,0,0,0,0,0,0,0.5
2021-06-19T17:58:39,2,0,0,0,0,0,0,0.5
2021-06-19T17:58:40,2,0,0,0,0,0,0,0.5
2021-06-19T17:58:40,2,0,0,0,0,0,0,0.5
2021-06-19T17:58:40,2,0,0,0,0,0,0,0.5
2021-06-19T17:58:40,2,0,0,0,0,0,0,0.5
2021-06-19T17:58:41,1,0,0,0,0,0,0,0.5
2021-06-19T17:58:41,2,0,0,0,0,0,0,0.5
2021-06-19T17:58:41,2,0,0,0,0,0,0,0.5
2021-06-19T17:58:41,1,0,0,0,0,0,0,0.5
2021-06-19T17:58:42,1,0,0,0,0,0,0,0.5
2021-06-19T17:58:42,1,0,0,0,0,0,0,0.5
2021-06-19T17:58:42,2,0,0,0,0,0,0,0.5
2021-06-19T17:58:42,2,0,0,0,0,0,0,0.5
2021-06-19T17:58:43,2,0,0,0,0,0,0,0.5
2021-06-19T17:58:43,1,0,0,0,0,0,0,0.5
2021-06-19T17:58:43,2,0,0,0,0,0,0,0.5
2021-06-19T17:58:43,1,0,0,0,0,0,0,0.5
2021-06-19T17:58:44,1,0,0,0,0,0,0,0.5
2021-06-19T17:58:44,1,0,0,0,0,0,0,0.5
2021-06-19T17:58:44,1,0,0,0,0,0,0,0.5
2021-06-19T17:58:44,1,0,0,0,0,0,0,0.5
2021-06-19T17:58:45,1,0,0,0,0,0,0,0.5
2021-06-19T17:58:45,1,0,0,0,0,0,0,0.5
2021-06-19T17:58:45,1,0,0,0,0,0,0,0.5
2021-06-19T17:58:45,1,0,0,0,0,0,0,0.5
2021-06-19T17:58:46,1,0,0,0,0,0,0,0.5
2021-06-19T17:58:46,2,0,0,0,0,0,0,0.5
2021-06-19T17:58:46,1,0,0,0,0,0,0,0.5
2021-06-19T17:58:46,1,0,0,0,0,0,0,0.5
2021-06-19T17:58:47,1,0,0,0,0,0,0,0.5
2021-06-19T17:58:47,1,0,0,0,0,0,0,0.5
2021-06-19T17:58:47,1,0,0,0,0,0,0,0.5
2021-06-19T17:58:47,1,0,0,0,0,0,0,0.5
2021-06-19T17:58:48,1,0,0,0,0,0,0,0.5
2021-06-19T17:58:48,1,0,0,0,0,0,0,0.5
2021-06-19T17:58:48,1,0,0,0,0,0,0,0.5
2021-06-19T17:58:48,1,0,0,0,0,0,0,0.5
2021-06-19T17:58:49,1,0,0,0,0,0,0,0.5
2021-06-19T17:58:49,1,0,0,0,0,0,0,0.5
2021-06-19T17:58:49,1,0,0,0,0,0,0,0.5
2021-06-19T17:58:49,1,0,0,0,0,0,0,0.5
2021-06-19T17:58:50,2,0,0,0,0,0,0,0.5
2021-06-19T17:58:50,1,0,0,0,0,0,0,0.5
2021-06-19T17:58:50,1,0,0,0,0,0,0,0.5
2021-06-19T17:58:50,1,0,0,0,0,0,0,0.5
2021-06-19T17:58:51,1,0,0,0,0,0,0,0.5
2021-06-19T17:58:51,1,0,0,0,0,0,0,0.5
2021-06-19T17:58:51,1,0,0,0,0,0,0,0.5
2021-06-19T17:58:51,1,0,0,0,0,0,0,0.5
2021-06-19T17:58:52,1,0,0,0,0,0,0,0.5
2021-06-19T17:58:52,1,0,0,0,0,0,0,0.5
2021-06-19T17:58:52,1,0,0,0,0,0,0,0.5
2021-06-19T17:58:52,1,0,0,0,0,0,0,0.5
2021-06-19T17:58:53,1,0,0,0,0,0,0,0.5
2021-06-19T17:58:53,1,0,0,0,0,0,0,0.5
2021-06-19T17:58:53,1,0,0,0,0,0,0,0.5
2021-06-19T17:58:53,1,0,0,0,0,0,0,0.5
2021-06-19T17:58:54,1,0,0,0,0,0,0,0.5
2021-06-19T17:58:54,1,0,0,0,0,0,0,0.5
2021-06-19T17:58:54,1,0,0,0,0,0,0,0.5
2021-06-19T17:58:54,1,0,0,0,0,0,0,0.5
2021-06-19T17:58:56,1,0,0,0,0,0,0,0.5
2021-06-19T17:58:56,1,0,0,0,0,0,0,0.5
2021-06-19T17:58:56,1,0,0,0,0,0,0,0.5
2021-06-19T17:58:56,1,0,0,0,0,0,0,0.5
2021-06-19T17:58:57,1,0,0,0,0,0,0,0.5
2021-06-19T17:58:57,1,0,0,0,0,0,0,0.5
2021-06-19T17:58:57,1,0,0,0,0,0,0,0.5
2021-06-19T17:58:57,1,0,0,0,0,0,0,0.5
2021-06-19T17:58:58,1,0,0,0,0,0,0,0.5
2021-06-19T17:58:58,1,0,0,0,0,0,0,0.5
2021-06-19T17:58:58,1,0,0,0,0,0,0,0.5
2021-06-19T17:58:58,1,0,0,0,0,0,0,0.5
2021-06-19T17:58:59,1,0,0,0,0,0,0,0.5
2021-06-19T17:58:59,1,0,0,0,0,0,0,0.5
2021-06-19T17:58:59,1,0,0,0,0,0,0,0.5
2021-06-19T17:58:59,1,0,0,0,0,0,0,0.5
2021-06-19T17:59:00,2,1,0.8909745216369629,0.03143590688705444,0.8909745216369629,0.9224104285240173,0.8595386147499084,0.5
2021-06-19T17:59:00,2,1,0.8823073506355286,0.03273135423660278,0.8823073506355286,0.9150387048721313,0.8495759963989258,0.5
2021-06-19T17:59:00,2,1,0.9007458686828613,0.0021477937698364258,0.9007458686828613,0.9028936624526978,0.8985980749130249,0.5
2021-06-19T17:59:00,2,1,0.9102709293365479,0.003151148557662964,0.9102709293365479,0.9134220480918884,0.9071197509765625,0.5
2021-06-19T17:59:01,2,1,0.9299750328063965,0.02336081862449646,0.9299750328063965,0.9533358216285706,0.9066141843795776,0.5
2021-06-19T17:59:01,2,1,0.8508197069168091,0.07900795340538025,0.8508197069168091,0.9298276305198669,0.7718117237091064,0.5
2021-06-19T17:59:01,2,1,0.9002470970153809,0.010451167821884155,0.9002470970153809,0.9106982350349426,0.8897958993911743,0.5
2021-06-19T17:59:01,2,1,0.9195420145988464,0.02763819694519043,0.9195420145988464,0.9471802115440369,0.891903817653656,0.5
2021-06-19T17:59:02,2,1,0.880628228187561,0.0010615885257720947,0.880628228187561,0.8816897869110107,0.8795666098594666,0.5
2021-06-19T17:59:02,1,1,0.9038575291633606,0.0,0.9038575291633606,0.9038575291633606,0.9038575291633606,0.5
2021-06-19T17:59:02,2,1,0.8310362100601196,0.10679295659065247,0.8310362100601196,0.9378291368484497,0.7242432236671448,0.5
2021-06-19T17:59:02,2,1,0.7672467827796936,0.153775155544281,0.7672467827796936,0.9210219383239746,0.6134716272354126,0.5
2021-06-19T17:59:03,3,1,0.8666861653327942,0.028080984950065613,0.8755968809127808,0.8957458734512329,0.8287156820297241,0.5
2021-06-19T17:59:03,2,1,0.9000847339630127,0.014357775449752808,0.9000847339630127,0.9144424796104431,0.8857269287109375,0.5
2021-06-19T17:59:03,2,1,0.822306752204895,0.13220256567001343,0.822306752204895,0.9545093178749084,0.6901041865348816,0.5
2021-06-19T17:59:03,2,1,0.8400720953941345,0.01031726598739624,0.8400720953941345,0.8503893613815308,0.8297548294067383,0.5
2021-06-19T17:59:04,2,1,0.85003262758255,0.017217636108398438,0.85003262758255,0.8672502636909485,0.8328149914741516,0.5
2021-06-19T17:59:04,4,1,0.7871848344802856,0.08589581400156021,0.7892450094223022,0.9056950211524963,0.6645541787147522,0.5
2021-06-19T17:59:06,2,1,0.9260841608047485,0.0029681921005249023,0.9260841608047485,0.9290523529052734,0.9231159687042236,0.5
2021-06-19T17:59:06,2,1,0.8854376077651978,0.08473128080368042,0.8854376077651978,0.9701688885688782,0.8007063269615173,0.5
2021-06-19T17:59:06,2,1,0.8640100359916687,0.019063591957092285,0.8640100359916687,0.883073627948761,0.8449464440345764,0.5
2021-06-19T17:59:07,2,1,0.93148273229599,0.04388904571533203,0.93148273229599,0.975371778011322,0.887593686580658,0.5
2021-06-19T17:59:07,2,1,0.8953016400337219,0.06336027383804321,0.8953016400337219,0.9586619138717651,0.8319413661956787,0.5
2021-06-19T17:59:07,3,2,0.8577985167503357,0.07523391395807266,0.8087195158004761,0.9640915989875793,0.8005843758583069,0.5
2021-06-19T17:59:08,3,2,0.7660531997680664,0.14922934770584106,0.8059181571006775,0.9255982637405396,0.5666431784629822,0.5
2021-06-19T17:59:08,3,2,0.7509638667106628,0.1851336658000946,0.8017463088035583,0.9480081796646118,0.5031371116638184,0.5
2021-06-19T17:59:08,2,1,0.9052128791809082,0.002694040536880493,0.9052128791809082,0.9079069495201111,0.9025188684463501,0.5
2021-06-19T17:59:09,2,1,0.9473985433578491,0.004496216773986816,0.9473985433578491,0.9518947601318359,0.9429023265838623,0.5
2021-06-19T17:59:12,1,0,0,0,0,0,0,0.5
2021-06-19T17:59:12,1,0,0,0,0,0,0,0.5
2021-06-19T17:59:12,1,0,0,0,0,0,0,0.5
2021-06-19T17:59:12,1,0,0,0,0,0,0,0.5
2021-06-19T17:59:13,1,0,0,0,0,0,0,0.5
2021-06-19T17:59:13,1,0,0,0,0,0,0,0.5
2021-06-19T17:59:13,1,0,0,0,0,0,0,0.5
2021-06-19T17:59:13,1,0,0,0,0,0,0,0.5
2021-06-19T17:59:14,1,0,0,0,0,0,0,0.5
2021-06-19T17:59:14,2,1,0.7497888207435608,0.1822429895401001,0.7497888207435608,0.9320318102836609,0.5675458312034607,0.5
2021-06-19T17:59:14,1,0,0,0,0,0,0,0.5
2021-06-19T17:59:14,3,2,0.756965696811676,0.14501017332077026,0.6612305045127869,0.9618938565254211,0.6477728486061096,0.5
2021-06-19T17:59:15,1,0,0,0,0,0,0,0.5
2021-06-19T17:59:15,2,1,0.7786983251571655,0.20148828625679016,0.7786983251571655,0.9801866412162781,0.5772100687026978,0.5
2021-06-19T17:59:15,1,0,0,0,0,0,0,0.5
2021-06-19T17:59:15,0,0,0,0,0,0,0,0.5
2021-06-19T17:59:16,2,0,0,0,0,0,0,0.5
2021-06-19T17:59:16,0,0,0,0,0,0,0,0.5
2021-06-19T17:59:16,1,0,0,0,0,0,0,0.5
2021-06-19T17:59:16,2,1,0.5457737445831299,0.014162808656692505,0.5457737445831299,0.5599365234375,0.531610906124115,0.5
2021-06-19T17:59:17,1,1,0.8241788148880005,0.0,0.8241788148880005,0.8241788148880005,0.8241788148880005,0.5
2021-06-19T17:59:17,1,1,0.9686537384986877,0.0,0.9686537384986877,0.9686537384986877,0.9686537384986877,0.5
2021-06-19T17:59:17,1,1,0.9205925464630127,0.0,0.9205925464630127,0.9205925464630127,0.9205925464630127,0.5
2021-06-19T17:59:17,2,1,0.6900070905685425,0.08158919215202332,0.6900070905685425,0.7715962529182434,0.6084178686141968,0.5
2021-06-19T17:59:18,1,0,0,0,0,0,0,0.5
2021-06-19T17:59:18,2,0,0,0,0,0,0,0.5
2021-06-19T17:59:18,2,0,0,0,0,0,0,0.5
2021-06-19T17:59:18,4,0,0,0,0,0,0,0.5
2021-06-19T17:59:19,2,0,0,0,0,0,0,0.5
2021-06-19T17:59:19,3,0,0,0,0,0,0,0.5
2021-06-19T17:59:19,3,1,0.6915571093559265,0.05250844359397888,0.6644084453582764,0.7649889588356018,0.6452740430831909,0.5
2021-06-19T17:59:19,3,0,0,0,0,0,0,0.5
2021-06-19T17:59:20,3,1,0.6719992756843567,0.13682907819747925,0.6741911172866821,0.8384733200073242,0.5033333897590637,0.5
2021-06-19T17:59:20,3,1,0.8052785992622375,0.04673818498849869,0.8061568140983582,0.8620768785476685,0.7476022839546204,0.5
2021-06-19T17:59:20,4,1,0.7082574963569641,0.08744922280311584,0.7089089155197144,0.8112017512321472,0.6040105819702148,0.5
2021-06-19T17:59:21,4,1,0.6968963742256165,0.10172443836927414,0.6820856928825378,0.8515501022338867,0.5718639492988586,0.5
2021-06-19T17:59:21,3,0,0,0,0,0,0,0.5
2021-06-19T17:59:21,3,0,0,0,0,0,0,0.5
2021-06-19T17:59:21,2,0,0,0,0,0,0,0.5
2021-06-19T17:59:22,3,1,0.7212139964103699,0.07202412933111191,0.7303876876831055,0.8044797778129578,0.6287744045257568,0.5
2021-06-19T17:59:22,3,1,0.7660329937934875,0.14767222106456757,0.8549090623855591,0.8852605819702148,0.5579294562339783,0.5
2021-06-19T17:59:22,3,1,0.6643436551094055,0.09682199358940125,0.6715509295463562,0.7791578769683838,0.5423221588134766,0.5
2021-06-19T17:59:22,4,1,0.6207503080368042,0.1318010687828064,0.5610010623931885,0.8458021283149719,0.5151970982551575,0.5
2021-06-19T17:59:23,3,0,0,0,0,0,0,0.5
2021-06-19T17:59:23,3,0,0,0,0,0,0,0.5
